#PDB ID holo receptor	Peptide Length	apo receptor PDB a	Resolution (Ã…)	Sequence b	Identifier
3wnf	6	5jl4	1.45	CKIDNC	10.2210/pdb3WNF/pdb
4ou3	6	4fkh	1.95	CNGRCG	10.2210/pdb4OU3/pdb
1smf	9	1tld	2.10	CTKSIPPEC	10.2210/pdb1SMF/pdb
3p72	11	1m0z	1.90	CTERMALHNLC	10.2210/pdb3P72/pdb
2ck0	11	-	2.20	CKEWLSTAPCG	10.2210/pdb2CK0/pdb
5th2	12	-	1.84	CQFDQSTRRLKC	10.2210/pdb5TH2/pdb
5djc	13	5dj0	2.10	DCAWHLGELVWCT	10.2210/pdb5DJC/pdb
4ib5	13	3q9x	2.20	GCRLYGFKIHGCG	10.2210/pdb4IB5/pdb
5h5q	13	2obi	1.10	CRVDLQGWRRCRR	10.2210/pdb5H5Q/pdb
5eoc	13	-	1.98	CQLINTNGSWHIC	10.2210/pdb5EOC/pdb
5wxr	14	4dva	1.75	GACSARGLENHAAC	10.2210/pdb5WXR/pdb
4m1d	14	-	1.80	CRIHIGPGRAFYTC	10.2210/pdb4M1D/pdb

